Proizvod,Redovna Cijena (EUR)
L'Oreal ruz varijanta 1,5.59
Maybelline maskara varijanta 1,7.24
Nivea krema varijanta 1,8.84
Garnier sampon varijanta 1,14.54
Dove sapun varijanta 1,18.71
Colgate zubna pasta varijanta 1,20.06
Oral-B cetkica za zube varijanta 1,15.77
Gillette brijac varijanta 1,19.1
Palmolive gel za tusiranje varijanta 1,2.25
Schwarzkopf regenerator varijanta 1,6.46
Milka cokolada varijanta 1,12.73
Nestle zitarice varijanta 1,11.13
Coca Cola sok varijanta 1,1.0
Fanta gazirani napitak varijanta 1,24.66
Lays cips varijanta 1,13.45
Cif pasta varijanta 1,20.28
Ajax sredstvo za ciscenje varijanta 1,22.46
Domestos sredstvo za WC varijanta 1,21.24
Fairy tekuci sapun varijanta 1,4.23
Finish tablete za perilicu varijanta 1,7.97
L'Oreal ruz varijanta 2,14.99
Fairy tekuci sapun varijanta 2,21.26
Cif cistac varijanta 1,12.43
Ajax sredstvo za ciscenje varijanta 2,0.89
Schwarzkopf regenerator varijanta 2,22.4
Oral-B cetkica za zube varijanta 1,7.48
Finish tablete za perilicu varijanta 2,12.61
Lays cips varijanta 2,10.2
Lays cips varijanta 3,8.94
Palmolive gel za tusiranje varijanta 2,13.85
Nivea krema varijanta 2,15.98
Palmolive gel za tusiranje varijanta 3,15.01
Garnier sampon varijanta 2,4.27
Schwarzkopf regenerator varijanta 3,10.89
Finish tablete za perilicu varijanta 3,25.84
Fanta gazirani napitak varijanta 2,26.37
Colgate zubna pasta varijanta 2,16.78
Ajax sredstvo za ciscenje varijanta 3,22.51
Finish tablete za perilicu varijanta 4,4.31
Lays cips varijanta 4,16.85
Fanta gazirani napitak varijanta 3,3.86
Finish tablete za perilicu varijanta 5,17.68
Fanta gazirani napitak varijanta 4,11.39
Domestos sredstvo za WC varijanta 2,10.73
Colgate zubna pasta varijanta 3,11.49
Palmolive gel za tuÅ¡iranje varijanta 1,25.81
Garnier sampon varijanta 3,4.0
Garnier sampon varijanta 4,4.44
Lays cips varijanta 5,23.22
Nestle zitarice varijanta 2,16.46
Garnier sampon varijanta 5,26.04
Nivea krema varijanta 3,17.88
Lays cips varijanta 6,15.75
Finish tablete za perilicu varijanta 6,23.07
Nestle zitarice varijanta 3,21.4
Maybelline maskara varijanta 2,6.54
Finish tablete za perilicu varijanta 7,12.08
Fairy tekuci sapun varijanta 3,25.45
L'Oreal ruz varijanta 3,21.56
Garnier sampon varijanta 6,2.49
Milka cokolada varijanta 2,26.65
Fairy tekuci sapun varijanta 4,9.54
Nestle zitarice varijanta 4,3.99
Nivea krema varijanta 4,6.26
Fanta gazirani napitak varijanta 5,8.19
Schwarzkopf regenerator varijanta 4,1.69
Maybelline maskara varijanta 3,3.24
Fanta gazirani napitak varijanta 6,25.57
Cif cistac varijanta 2,3.21
Schwarzkopf regenerator varijanta 5,23.29
Finish tablete za perilicu varijanta 8,15.69
Milka cokolada varijanta 3,11.84
Milka cokolada varijanta 4,7.04
Garnier sampon varijanta 7,15.66
Fanta gazirani napitak varijanta 7,12.23
Garnier sampon varijanta 8,15.36
Ajax sredstvo za ciscenje varijanta 4,25.18
Colgate zubna pasta varijanta 4,20.17
L'Oreal ruz varijanta 4,22.95
Gillette brijac varijanta 2,19.06
Finish tablete za perilicu varijanta 9,1.84
Maybelline maskara varijanta 4,24.83
Oral-B cetkica za zube varijanta 2,6.11
Colgate zubna pasta varijanta 5,25.14
Nivea krema varijanta 5,22.34
Domestos sredstvo za WC varijanta 3,21.17
Nivea krema varijanta 6,3.52
Schwarzkopf regenerator varijanta 6,6.74
Lays cips varijanta 7,13.83
Fanta gazirani napitak varijanta 8,16.77
Lays cips varijanta 8,8.36
Maybelline maskara varijanta 5,26.37
L'Oreal ruz varijanta 5,6.1
Milka cokolada varijanta 5,15.46
Nivea krema varijanta 7,9.94
Dove sapun varijanta 2,8.15
Dove sapun varijanta 3,12.73
Maybelline maskara varijanta 6,17.29
Milka cokolada varijanta 6,10.81
Fairy tekuci sapun varijanta 5,18.8
Palmolive gel za tusiranje varijanta 4,16.44
Schwarzkopf regenerator varijanta 7,4.32
Palmolive gel za tusiranje varijanta 5,13.01
Oral-B cetkica za zube varijanta 3,5.92
Colgate zubna pasta varijanta 6,7.53
Finish tablete za perilicu varijanta 10,13.34
Fanta gazirani napitak varijanta 9,6.0
Nestle zitarice varijanta 5,0.73
Nestle zitarice varijanta 6,5.1
Cif pasta varijanta 2,6.77
Palmolive gel za tusiranje varijanta 6,20.43
Ajax sredstvo za ciscenje varijanta 5,20.04
Nestle zitarice varijanta 7,2.18
Palmolive gel za tusiranje varijanta 7,4.62
Finish tablete za perilicu varijanta 11,14.89
L'Oreal ruz varijanta 6,26.35
Milka cokolada varijanta 7,0.85
Nivea krema varijanta 8,12.46
Dove sapun varijanta 4,7.39
Palmolive gel za tusiranje varijanta 8,19.28
Fanta gazirani napitak varijanta 10,14.02
Nestle zitarice varijanta 8,1.02
Domestos sredstvo za WC varijanta 4,1.18
Ajax sredstvo za ciscenje varijanta 6,21.26
L'Oreal ruz varijanta 7,7.4
Schwarzkopf regenerator varijanta 8,22.33
Garnier sampon varijanta 9,21.13
L'Oreal ruz varijanta 8,3.91
Nestle zitarice varijanta 9,16.87
Palmolive gel za tusiranje varijanta 9,6.65
Finish tablete za perilicu varijanta 12,9.89
Colgate zubna pasta varijanta 7,7.88
Nestle zitarice varijanta 10,21.72
Cif pasta varijanta 3,16.41
Ajax sredstvo za ciscenje varijanta 7,14.8
Cif cistac varijanta 3,5.53
Palmolive gel za tusiranje varijanta 10,11.15
Schwarzkopf regenerator varijanta 9,10.74
Palmolive gel za tusiranje varijanta 11,15.99
Milka cokolada varijanta 8,11.41
Palmolive gel za tusiranje varijanta 12,21.79
Nestle zitarice varijanta 11,4.24
Palmolive gel za tusiranje varijanta 13,17.42
Oral-B cetkica za zube varijanta 4,4.0
Colgate zubna pasta varijanta 8,16.71
Colgate zubna pasta varijanta 9,15.82
Maybelline maskara varijanta 7,6.62
